"id","url","title","updatedAt","genres"
"5783","https://fitgirl-repacks.site/crime-simulator/","Crime Simulator – v1.35b","2026-02-21T18:20:53.000Z","Action","First-person","3D"
"6528","https://fitgirl-repacks.site/aerial_knights-dropshot/","Aerial_Knight’s DropShot","2026-02-21T17:27:45.000Z","Action","Shooter","First-person","3D"
"5270","https://fitgirl-repacks.site/avowed/","Avowed: Premium Edition – v2.0.0.0 + 3 DLCs/Bonuses","2026-02-21T14:00:19.000Z","RPG","Open world","First-person","3D"
"6527","https://fitgirl-repacks.site/dear-me-i-was/","Dear me, I was…","2026-02-21T11:09:34.000Z","Interactive fiction","Adventure","2D"
"6526","https://fitgirl-repacks.site/star-trek-voyager-across-the-unknown/","Star Trek: Voyager – Across the Unknown: Deluxe Edition, v1.3.23480 + DLC","2026-02-20T23:30:11.000Z","Strategy","3D","Turn-based","Spaceships"
"6525","https://fitgirl-repacks.site/fisherman-simulator/","Fisherman Simulator","2026-02-20T19:02:08.000Z","Lifestyle","Fishing","First-person","3D"
"2222","https://fitgirl-repacks.site/poppy-playtime/","Poppy Playtime, Build 21905565 + All 5 Chapters","2026-02-20T10:00:40.000Z","Adventure","Puzzle","First-person","Horror","3D"
"6524","https://fitgirl-repacks.site/forgotlings/","Forgotlings","2026-02-20T08:37:12.000Z","Arcade","Platform adventure","Side","2D"
"0091","https://fitgirl-repacks.site/total-war-attila/","Total War: Attila – v1.8.1.1299.3427123 + 8 DLCs","2026-02-19T21:01:09.000Z","Strategy","3D","Real-time","Turn-based"
"6523","https://fitgirl-repacks.site/purrplate/","PurrPlate – v1.1","2026-02-19T18:57:39.000Z","Management","Top","3D"
"6522","https://fitgirl-repacks.site/pure-pool-pro/","Pure Pool Pro – Build 1605","2026-02-19T17:40:41.000Z","Sport","Billiards","Physics-based","3D"
"6521","https://fitgirl-repacks.site/ashes-of-ambition/","Ashes of Ambition","2026-02-19T15:39:39.000Z","Action","Item crafting","Open world","Survival","First-person","Third-person","3D","Zombies"
"6520","https://fitgirl-repacks.site/sky-realm-idle/","Sky Realm Idle","2026-02-19T14:15:49.000Z","Management","Incremental game","2D"
"6519","https://fitgirl-repacks.site/styx-blades-of-greed/","Styx: Blades of Greed – Quartz Edition + 5 DLCs","2026-02-18T23:38:00.000Z","Action","Stealth","Third-person","3D"
"1276","https://fitgirl-repacks.site/age-of-empires-2-definitive-edition/","Age of Empires II: Definitive Edition – v101.103.38051.0 (#169123) + 15 DLCs/Bonuses + Windows 7 Fix","2026-02-18T21:30:01.000Z","Strategy","RTS","Isometric","2D"
"6518","https://fitgirl-repacks.site/norse-oath-of-blood/","NORSE: Oath of Blood – Special Edition, v1.0.0 + 2 DLCs","2026-02-18T13:21:04.000Z","Strategy","Tactics","Top","3D","Turn-based"
"6517","https://fitgirl-repacks.site/chromagun-2-dye-hard/","ChromaGun 2: Dye Hard","2026-02-18T11:47:45.000Z","Action","Logic","Puzzle","First-person","3D"
"6516","https://fitgirl-repacks.site/an-abyss-of-dreams/","An Abyss of Dreams","2026-02-18T07:27:46.000Z","Adventure","First-person","3D","Horror"
"6515","https://fitgirl-repacks.site/rayman-30th-anniversary-edition/","Rayman: 30th Anniversary Edition","2026-02-17T21:43:27.000Z","Arcade","Jump and run","Side","2D"
"5273","https://fitgirl-repacks.site/shadowgate-2/","Shadowgate 2 – v1.0.9","2026-02-17T18:40:17.000Z","Adventure","Point-and-click","First-person","3D"
"6514","https://fitgirl-repacks.site/my-cafe-manager-simulator/","My Cafe Manager Simulator – v1.0.3","2026-02-17T17:47:59.000Z","Lifestyle","First-person","3D"
"2172","https://fitgirl-repacks.site/diablo-ii-resurrected-pc/","Diablo II: Resurrected – Infernal Edition, v3.0.91636 + DLC","2026-02-17T10:00:10.000Z","Action","RPG","Horror","Isometric","3D"
"140","https://fitgirl-repacks.site/total-war-rome-2-emperor-edition/","Total War: Rome 2 – Emperor Edition – v2.5.6.3427123 GOG + 17 DLCs","2026-02-16T14:00:57.000Z","Strategy","Real-time","Turn-based","3D"
"6513","https://fitgirl-repacks.site/sector-unknown/","Sector Unknown – v2.0.0 (Release)","2026-02-16T09:52:52.000Z","RPG","Top","3D","Turn-based"
"5265","https://fitgirl-repacks.site/warriors-abyss/","WARRIORS: Abyss – Hack’n’Dash Ultimate Edition, v1.6.0 + 21 DLCs","2026-02-15T16:00:06.000Z","Arcade","Beat 'em up (Brawler)","3D"
"6512","https://fitgirl-repacks.site/high-on-life-2/","High On Life 2 + Pre-order Bonus DLC","2026-02-15T14:00:34.000Z","Action","Shooter","First-person","3D"
"5619","https://fitgirl-repacks.site/spirit-of-the-north-2/","Spirit of the North 2 – v14010 + 2 DLCs","2026-02-15T11:00:28.000Z","Arcade","Platform adventure","Puzzle solving","Third-person","3D"
"143","https://fitgirl-repacks.site/sims-4-deluxe-edition/","The Sims 4: Deluxe Edition – v1.121.361.1020 + All DLCs/Add-ons + Bonus Soundtracks + Online","2026-02-14T17:30:23.000Z","Artificial life","Managerial","God sim","3D"
"6511","https://fitgirl-repacks.site/the-butchers-village/","The Butcher’s Village","2026-02-14T15:49:14.000Z","Exploration","First-person","3D","Horror"
"6510","https://fitgirl-repacks.site/ride-6/","RIDE 6 + 2 DLCs","2026-02-14T09:04:46.000Z","Racing","Simulation","Third-person","3D","Motorcycles"
"6509","https://fitgirl-repacks.site/reanimal/","REANIMAL – v354342/5 + DLC","2026-02-14T07:58:57.000Z","Arcade","Platform adventure","Side","3D","Horror"
"6508","https://fitgirl-repacks.site/hordes-of-hunger/","Hordes of Hunger – Build MS19.5738","2026-02-14T07:17:52.000Z","Arcade","Third-person","3D"
"4117","https://fitgirl-repacks.site/blazblue-entropy-effect/","BlazBlue Entropy Effect: Complete Edition, v1.0.8.139834.0 + 9 DLCs/Bonuses","2026-02-13T20:00:07.000Z","Arcade","Jump and run","Beat 'em up (Brawler)","Side","2D","Japanese"
"6507","https://fitgirl-repacks.site/unbound/","UNBOUND","2026-02-13T18:13:45.000Z","Logic","Puzzle","First-person","3D","Horror"
"6506","https://fitgirl-repacks.site/disciples-domination/","Disciples: Domination – Deluxe Edition, v1.2.0.3271 + 2 DLCs","2026-02-13T16:14:44.000Z","RPG","Strategy","Tactics","3D","Turn-based"
"5622","https://fitgirl-repacks.site/cash-cleaner-simulator/","Cash Cleaner Simulator: Complete Collection, v1.5.1.961 + 4 DLCs/Bonuses","2026-02-13T12:30:07.000Z","Lifestyle","Management","First-person","3D"
"6506","https://fitgirl-repacks.site/westwood-shadows/","Westwood Shadows – v1.0.1","2026-02-13T09:19:29.000Z","Adventure","First-person","3D","Detective"
"6505","https://fitgirl-repacks.site/iron-saga-vs/","Iron Saga VS: Deluxe Bundle – v1.4.3r1_0 + 2 DLCs","2026-02-12T20:17:01.000Z","Arcade","Fighting","Side","2D","Mecha"
"3835","https://fitgirl-repacks.site/executive-assault-2/","Executive Assault 2 – v1.0.9.218a + Bonus Soundtrack","2026-02-12T18:20:30.000Z","Action","Shooter","Strategy","RTS","First-person","3D","Real-time"
"6504","https://fitgirl-repacks.site/dead-pets-a-punk-rock-slice-of-life-sim/","Dead Pets: A Punk Rock Slice of Life Sim – Deluxe Edition, v1.1.0c + Bonus OST","2026-02-12T17:27:56.000Z","Interactive fiction","Lifestyle","2D"
"6503","https://fitgirl-repacks.site/total-war-pharaoh-dynasties/","Total War: PHARAOH DYNASTIES – v2.1.6 + 3 DLCs/Bonuses + Modding Tools","2026-02-12T13:59:21.000Z","Strategy","Grand strategy","Isometric","3D","Pausable real-time","Turn-based"
"4020","https://fitgirl-repacks.site/granblue-fantasy-versus-rising/","Granblue Fantasy Versus: Rising, v2.50 + 54 DLCs/Bonuses + Multiplayer","2026-02-12T12:30:08.000Z","Arcade","Fighting","Side","3D"
"6502","https://fitgirl-repacks.site/machine-tower-2984/","Machine Tower 2984: Supporter Pack – v1.0.0 + Bonus OST","2026-02-12T11:35:18.000Z","RPG","Action RPG","Top","Retro look"
"6501","https://fitgirl-repacks.site/mewgenics/","Mewgenics – v1.0.20622","2026-02-11T21:35:11.000Z","Digital pets","RPG","Isometric","2D","Cats","Turn-based"
"6500","https://fitgirl-repacks.site/crisol-theater-of-idols/","Crisol: Theater of Idols","2026-02-11T20:50:34.000Z","Action","Shooter","Horror","First-person"
"6499","https://fitgirl-repacks.site/relooted/","Relooted – v1.0.19.0","2026-02-11T19:08:07.000Z","Logic","Puzzle","Side","3D"
"6498","https://fitgirl-repacks.site/romeo-is-a-dead-man/","ROMEO IS A DEAD MAN – v1.3.000","2026-02-11T12:12:30.000Z","Action","Third-person","3D"
"4136","https://fitgirl-repacks.site/touhou-danmaku-kagura-phantasia-lost/","Touhou Danmaku Kagura: Phantasia Lost – Mega Bundle, v1.13.1 + 19 DLCs/Bonuses","2026-02-11T10:30:05.000Z","Arcade","Rhythm","2D","Japanese"
"6497","https://fitgirl-repacks.site/monterey-jack/","Monterey Jack","2026-02-11T06:27:55.000Z","Action","First-person","3D","Horror"
"3904","https://fitgirl-repacks.site/ranch-simulator-build-farm-hunt/","Ranch Simulator: Build, Farm, Hunt – v1.182s + 2 DLCs/Bonuses","2026-02-11T04:00:41.000Z","Lifestyle","Open world","Hunting","First-person","3D"
"6496","https://fitgirl-repacks.site/combat-mission-shock-force-2/","Combat Mission: Shock Force 2 – Complete, v2.11.00 + 4 DLCs","2026-02-10T20:19:00.000Z","Strategy","Wargame","3D","Real-time","Simultaneous turns"
"2608","https://fitgirl-repacks.site/distant-worlds-2/","Distant Worlds 2 – v1.3.3.6 + 4 DLCs","2026-02-10T19:00:28.000Z","Strategy","4X","Pausable real-time","3D"
"6495","https://fitgirl-repacks.site/heaven-does-not-respond/","Heaven Does Not Respond","2026-02-10T17:35:39.000Z","Adventure","2D","Detective"
"4415","https://fitgirl-repacks.site/fabledom/","Fabledom – v1.084","2026-02-10T15:00:14.000Z","Managerial","Isometric","3D"
"6494","https://fitgirl-repacks.site/the-strange-lights/","The Strange Lights","2026-02-09T20:18:07.000Z","Exploration","First-person","3D","Horror"
"6493","https://fitgirl-repacks.site/pirates-gambit/","Pirate’s Gambit – v1.0.1","2026-02-09T18:48:21.000Z","Board game","Deck-building","3D","Turn-based"
"6106","https://fitgirl-repacks.site/shape-of-dreams/","Shape of Dreams – v1.1.1.1","2026-02-09T10:00:16.000Z","Action","Dungeon crawl","Content randomization"
"6492","https://fitgirl-repacks.site/choppy-cuts/","Choppy Cuts – v1.0.0_98904","2026-02-08T19:52:00.000Z","Arcade","Party game","Top","3D"
"6491","https://fitgirl-repacks.site/carmageddon-rogue-shift/","Carmageddon: Rogue Shift – v1.2.1","2026-02-08T04:06:08.000Z","Arcade","Racing","Content randomization","Physics-based","Vehicular combat","First-person","Third-person","3D","Post-apocalypse","Zombies","Cars"
"6490","https://fitgirl-repacks.site/jackal/","Jackal – v0.9.9","2026-02-08T03:13:02.000Z","Arcade","Top","3D"
"6489","https://fitgirl-repacks.site/humanitz/","HumanitZ – v1.0 (Release)","2026-02-07T18:10:27.000Z","Action","Shooter","Open world","Survival","3D","Horror","Zombies"
"6488","https://fitgirl-repacks.site/nioh-3/","Nioh 3 – v1.02.02/v1.03 + 9 DLCs + Multiplayer","2026-02-07T06:28:21.000Z","RPG","Action RPG","Open world","Third-person","3D","Japanese"
"6488","https://fitgirl-repacks.site/streamer-life-simulator-2/","Streamer Life Simulator 2 – v1.0 (Release)","2026-02-07T05:20:24.000Z","Lifestyle","First-person","3D"
"3285","https://fitgirl-repacks.site/the-last-spell/","The Last Spell: Legendary Edition – v1.3.32.0.s.det + 4 DLCs/Bonuses","2026-02-06T22:00:58.000Z","RPG","Strategy","Tactics","Isometric","2D","Turn-based"
"6487","https://fitgirl-repacks.site/anthem9/","ANTHEM#9","2026-02-06T21:04:37.000Z","Logic","Puzzle","Side","2D","Japanese"
"6486","https://fitgirl-repacks.site/my-hero-academia-alls-justice/","MY HERO ACADEMIA: All’s Justice – v01.00 + 9 DLCs","2026-02-06T15:11:19.000Z","Action","Fighting","3D"
"6485","https://fitgirl-repacks.site/dead-grid/","Dead Grid – v1.0.31","2026-02-06T09:42:16.000Z","Strategy","Tactics","Isometric","3D","Post-apocalypse","Zombies","Turn-based"
"6484","https://fitgirl-repacks.site/colonize/","Colonize – v1.0 (Release)","2026-02-06T07:07:32.000Z","Management","Strategy","3D"
"6483","https://fitgirl-repacks.site/hoverflow/","Hoverflow – v1.0 (Release)","2026-02-06T01:15:32.000Z","Arcade","Jump and run","First-person","3D"
"6482","https://fitgirl-repacks.site/blind-touch/","Blind Touch – v1.16.3","2026-02-05T22:51:34.000Z","Exploration","First-person","3D"
"6481","https://fitgirl-repacks.site/god-forsaken/","GOD FORSAKEN – v1.0.0/Release + 2 DLCs","2026-02-05T15:38:55.000Z","Action","Top","3D"
"5702","https://fitgirl-repacks.site/monster-train-2/","Monster Train 2: Deluxe Edition, Build #16171 + 3 DLCs/Bonuses","2026-02-05T14:00:49.000Z","Strategy","Deck-building","Side","3D","Turn-based"
"6480","https://fitgirl-repacks.site/poly-td/","Poly TD – v1.0.1.41","2026-02-05T05:46:12.000Z","Strategy","Tactics","Top","3D"
"5051","https://fitgirl-repacks.site/alaloth-champions-of-the-four-kingdoms/","Alaloth: Champions of The Four Kingdoms – Deluxe Edition, v1.2 + 8 DLCs/Bonuses","2026-02-05T04:20:46.000Z","RPG","Action RPG","Isometric","3D"
"6479","https://fitgirl-repacks.site/maelstrom-the-battle-for-earth-begins-enhanced/","Maelstrom: The Battle for Earth Begins Enhanced – v1.3.0","2026-02-05T03:16:35.000Z","Action","Shooter","Strategy","Third-person","3D","Real-time"
"5902","https://fitgirl-repacks.site/stronghold-crusader-definitive-edition/","Stronghold Crusader: Definitive Edition – v2.5 + 2 DLCs","2026-02-05T01:30:52.000Z","Strategy","RTS","Isometric","2D","Real-time"
"6478","https://fitgirl-repacks.site/erma-the-game/","Erma: The Game","2026-02-04T22:03:07.000Z","Adventure","Point-and-click","2D"
"5798","https://fitgirl-repacks.site/three-kingdoms-mushouden/","Three Kingdoms Mushouden: Deluxe Edition, v2.4.8 + 3 DLCs","2026-02-04T18:00:11.000Z","Strategy","Top","2D"
"6477","https://fitgirl-repacks.site/dragon-quest-vii-reimagined/","DRAGON QUEST VII Reimagined – v1.1.0 + 4 Switch Emulators","2026-02-04T06:13:13.000Z","RPG","3D","Party-based","Japanese","Turn-based"
"4056","https://fitgirl-repacks.site/wingspan/","Wingspan: Special Edition – v1.7.1147.0127.1338 + 7 DLCs/Bonuses","2026-02-04T04:00:19.000Z","Board game","2D","Turn-based"
"6476","https://fitgirl-repacks.site/dark-auction/","Dark Auction – v1.0.6","2026-02-04T02:16:48.000Z","Adventure","2D","3D","Detective","Japanese"
"4723","https://fitgirl-repacks.site/tales-and-tactics/","Tales & Tactics – v1.4.24","2026-02-04T00:00:47.000Z","Strategy","Isometric","3D"
"6475","https://fitgirl-repacks.site/resident-evil-4-2023/","Resident Evil 4 (2023): Gold Edition – v1.5.0.0 (Denuvoless) + 26 DLCs + 3 Bonus OSTs","2026-02-03T23:01:44.000Z","Action","Shooter","Survival","Third-person","3D","Horror"
"5817","https://fitgirl-repacks.site/parcel-simulator/","Parcel Simulator – v1.0.5.2","2026-02-03T20:20:16.000Z","Lifestyle","First-person","3D"
"6474","https://fitgirl-repacks.site/occupy-mars-the-game/","Occupy Mars: The Game – Collector’s Edition, v1.0.1 + Bonus DLC","2026-02-03T19:38:17.000Z","Management","Open world","Survival","Third-person","3D"
"2833","https://fitgirl-repacks.site/house-party/","House Party: Total Indulgence Bundle – v1.5.2.13811 + 9 DLCs","2026-02-03T05:00:43.000Z","Adult","Adventure","First-person","3D"
"6473","https://fitgirl-repacks.site/fear-the-timeloop/","Fear The Timeloop","2026-02-03T03:25:37.000Z","Adventure","Survival","Third-person","3D","Zombies"
"5683","https://fitgirl-repacks.site/fantasy-life-i-the-girl-who-steals-time/","FANTASY LIFE i: The Girl Who Steals Time – Digital Deluxe Edition, v2.0.4 + DLC","2026-02-03T01:54:57.000Z","Action","RPG","3D","Third-person"
"6472","https://fitgirl-repacks.site/the-9th-charnel/","The 9th Charnel – v0.2.4","2026-02-03T01:31:16.000Z","Action","Survival","First-person","3D","Horror"
"6016","https://fitgirl-repacks.site/deadzone-rogue/","Deadzone: Rogue – Deluxe Edition, v1.1.15.0 + 3 DLCs/Bonuses","2026-02-02T23:50:54.000Z","Action","Shooter","First-person","3D"
"647✏","https://fitgirl-repacks.site/the-perfect-pencil/","The Perfect Pencil","2026-02-02T23:10:48.000Z","Action","Exploration","Platform adventure","2D"
"1742","https://fitgirl-repacks.site/three-kingdoms-the-last-warlord/","Three Kingdoms: The Last Warlord – v1.1.10.4065 + 10 DLCs","2026-02-02T21:30:07.000Z","Strategy","Isometric","2D","Turn-based"
"6470","https://fitgirl-repacks.site/rainbow-gate/","Rainbow Gate – v1.3","2026-02-01T23:15:07.000Z","Adventure","Survival","Puzzle","Horror","3D","First-person"
"6469","https://fitgirl-repacks.site/front-mission-3-remake/","FRONT MISSION 3: Remake","2026-02-01T22:23:12.000Z","RPG","Strategy","Tactics","Isometric","3D","Turn-based","Mecha"
"6468","https://fitgirl-repacks.site/city-tales-medieval-era/","City Tales: Medieval Era – Fluffy Edition – v1.0.0.4 + 2 DLCs/Bonuses","2026-02-01T21:23:16.000Z","Management","Strategy","Top","3D"
"6467","https://fitgirl-repacks.site/dont-stop-girlypop/","Don’t Stop, Girlypop! – v1.0.5 + Bonus OST","2026-02-01T14:44:44.000Z","Action","Shooter","First-person","3D"
"5931","https://fitgirl-repacks.site/wolfquest-anniversary-edition/","WolfQuest: Anniversary Edition – v3.0 + 6 DLCs/Bonuses","2026-02-01T13:00:59.000Z","Lifestyle","Third-person","3D"
"6466","https://fitgirl-repacks.site/millennium-dream/","Millennium Dream","2026-02-01T11:37:15.000Z","Exploration","First-person","3D"
"5841","https://fitgirl-repacks.site/shatterline/","Shatterline: Shellguard & Randy Bundle, v98.0.45.0 + DLC","2026-02-01T00:00:33.000Z","Action","Shooter","First-person","3D"
"6465","https://fitgirl-repacks.site/nova-antarctica/","Nova Antarctica: Premiere Collection + Official Visual Book DLC","2026-01-31T23:18:06.000Z","Adventure","Exploration","Item crafting","Survival","Third-person","3D"
"6464","https://fitgirl-repacks.site/feastopia/","Feastopia – v1.0.0.30 + Bonus OST","2026-01-31T22:25:53.000Z","Simulation","Management","Strategy"
"1100","https://fitgirl-repacks.site/world-war-z-aftermath/","World War Z: Aftermath – Deluxe Edition – v2.44 (0.1.MS.1077865/1078398) + All DLCs","2026-01-31T19:00:51.000Z","Action","Shooter","Third-person","3D","Zombies"
"6463","https://fitgirl-repacks.site/roots-devour/","Roots Devour – v1.0.0.0","2026-01-31T18:41:33.000Z","Card game","Top","2D","Horror"
"5192","https://fitgirl-repacks.site/magenta-horizon-neverending-harvest/","Magenta Horizon: Neverending Harvest – v1.1.4","2026-01-31T07:30:21.000Z","Arcade","Jump and run","Side","2D"
"6462","https://fitgirl-repacks.site/dust-and-courage-jake-boltons-journey/","Dust & Courage: Jake Bolton’s Journey","2026-01-31T06:56:13.000Z","Action","Open world","Top","3D"
"6461","https://fitgirl-repacks.site/cleaning-simulator/","Cleaning Simulator – v1.0.7","2026-01-31T06:05:57.000Z","Lifestyle","First-person","3D"
"6460","https://fitgirl-repacks.site/i-hate-this-place/","I Hate This Place – v1.0.13_15856","2026-01-30T19:51:13.000Z","Action","Shooter","Item crafting","Survival","Isometric","3D","Horror"
"5058","https://fitgirl-repacks.site/romance-of-the-three-kingdoms-8-remake/","ROMANCE OF THE THREE KINGDOMS 8 REMAKE – Digital Deluxe Edition, v1.1.0 + 14 DLCs","2026-01-30T17:00:08.000Z","Strategy","Grand strategy","3D","Turn-based"
"6459","https://fitgirl-repacks.site/callus/","CALLUS – v1.0.1","2026-01-30T16:56:01.000Z","Exploration","First-person","3D","Horror"
"6458","https://fitgirl-repacks.site/cairn/","Cairn: Deluxe Edition – v1.0.299s_1713 + 3 DLCs/Bonuses","2026-01-30T04:25:35.000Z","Adventure","Simulator","Survival","Third-person","3D"
"2618","https://fitgirl-repacks.site/anno-mutationem/","ANNO: Mutationem – Collectors Edition, v1.2.00.00 + 2 DLC/Bonuses","2026-01-30T02:00:29.000Z","Action","Cyberpunk","Side","Third-person","3D"
"6457","https://fitgirl-repacks.site/hellmart/","HELLMART","2026-01-30T00:43:32.000Z","Adventure","Lifestyle","First-person","3D","Horror"
"6456","https://fitgirl-repacks.site/sonic-frontiers/","Sonic Frontiers: Digital Deluxe Edition – v1.42 + 6 DLCs","2026-01-29T23:32:10.000Z","Arcade","Jump and run","Open world","Third-person","3D"
"6455","https://fitgirl-repacks.site/earth-must-die/","Earth Must Die – v1.0002","2026-01-29T22:08:07.000Z","Adventure","2D","Point-and-click"
"6454","https://fitgirl-repacks.site/obey-the-voice/","Obey the Voice","2026-01-29T16:58:24.000Z","Exploration","First-person","3D","Horror"
"1405","https://fitgirl-repacks.site/snowrunner/","SnowRunner: 4-Year Anniversary Edition, v39.1 (Season 17 Update) + 46 DLCs + Chill Nature Beats Soundtrack","2026-01-29T03:00:58.000Z","Driving","Open world","Third-person","3D"
"6453","https://fitgirl-repacks.site/underground-garage/","Underground Garage – v157 (Release)","2026-01-29T00:06:11.000Z","Driving","Lifestyle","Racing","First-person","Third-person","3D","Cars"
"6452","https://fitgirl-repacks.site/viractal-will-you-trust-your-party/","Viractal: Will You Trust Your Party? – v1.0.0 (Release)","2026-01-28T22:07:04.000Z","RPG","Deck-building","3D","Turn-based"
"3017","https://fitgirl-repacks.site/terraria/","Terraria – v1.4.5.0 (Bigger & Boulder Update) + Bonus OST","2026-01-28T01:00:29.000Z","RPG","Open world","Sandbox","Side","2D"
"6451","https://fitgirl-repacks.site/s-e-m-i-side-effects-may-include/","S.E.M.I.: Side Effects May Include… – v1.0.ebcf741ea + Bonus OSTs","2026-01-27T20:43:13.000Z","Arcade","Jump and run","Physics-based","Third-person","3D"
"6450","https://fitgirl-repacks.site/rent-a-car-simulator-24/","Rent A Car Simulator 24 – v1.1.0","2026-01-27T19:11:37.000Z","Lifestyle","Management","First-person","3D"
"1245","https://fitgirl-repacks.site/disco-elysium/","Disco Elysium: The Final Cut Bundle, GOG Build a0a063ab + Bonus Content","2026-01-27T13:00:26.000Z","RPG","Open world","Isometric","3D models on 2D backgrounds"
"6449","https://fitgirl-repacks.site/legitimate-space-corp-simulator-llc/","Legitimate Space Corp Simulator LLC – v1.02.87","2026-01-26T23:09:38.000Z","Lifestyle","First-person","3D"
"5791","https://fitgirl-repacks.site/chinese-frontiers/","Chinese Frontiers – v2.1.1401 (2.1.2)","2026-01-26T21:10:28.000Z","Simulation","Management","Item crafting","First-person"
"6448","https://fitgirl-repacks.site/sandwich-simulator/","Sandwich Simulator","2026-01-26T19:45:50.000Z","Arcade","Lifestyle","First-person","3D"
"6447","https://fitgirl-repacks.site/wicked-seed/","Wicked Seed","2026-01-25T23:47:38.000Z","Action","Survival","3D","Detective","Horror"
"6446","https://fitgirl-repacks.site/weird-rpg-2/","Weird RPG 2","2026-01-25T22:13:59.000Z","RPG","Action RPG","Third-person","3D"
"6445","https://fitgirl-repacks.site/little-gods-of-the-abyss/","Little Gods of the Abyss","2026-01-25T21:14:41.000Z","Arcade","Platform adventure","Logic","Puzzle","Isometric","3D"
"6444","https://fitgirl-repacks.site/jukai-maze/","Jukai Maze – v1.0.8 + Bonus Wallpapers","2026-01-25T20:31:53.000Z","Adventure","Interactive fiction","3D"
"6443","https://fitgirl-repacks.site/fighting-force-collection/","Fighting Force Collection – v1.0.9","2026-01-25T19:30:25.000Z","Action","Beat 'em up (Brawler)","3D"
"6442","https://fitgirl-repacks.site/escape-from-ever-after/","Escape from Ever After – v2.7.4","2026-01-25T00:52:50.000Z","RPG","Action RPG","Adventure","Turn-based","Third-person"
"6441","https://fitgirl-repacks.site/c-a-r-s-creating-a-ridiculous-shitshow/","C.A.R.S.: Creating A Ridiculous Shitshow","2026-01-24T23:32:39.000Z","Action","3D","Third-person","Vehicular combat"
"4492","https://fitgirl-repacks.site/reus-2/","Reus 2: Complete Edition , v1.11.0 + 4 DLCs","2026-01-24T22:00:07.000Z","Strategy","God sim","Side","2D"
"6440","https://fitgirl-repacks.site/tennis-elbow-4/","Tennis Elbow 4 – v1.0a Build 154-2026.1.15","2026-01-24T21:28:47.000Z","Sports","Tennis","3D"
"6439","https://fitgirl-repacks.site/highway-drifter-hajwala-simulator/","Highway Drifter: Hajwala Simulator","2026-01-24T20:12:38.000Z","Arcade","Simulation","Driving","Racing","Physics-based","First-person","Third-person"
"6438","https://fitgirl-repacks.site/red-passport-ticket-to-russia/","Red Passport: Ticket to Russia – Deluxe Edition + 5 DLCs","2026-01-24T01:53:06.000Z","Exploration","Adventure"
"2890","https://fitgirl-repacks.site/cult-of-the-lamb/","Cult of the Lamb: The One Who Waits Bundle – v1.5.15.979 + 30 DLCs/Bonuses","2026-01-23T20:30:54.000Z","Action","Isometric","3D"
"6437","https://fitgirl-repacks.site/exotica-2-pet-shop-simulator/","Exotica 2: Pet Shop Simulator – v1.0.9","2026-01-23T19:53:09.000Z","Lifestyle","First-person","3D"
"5150","https://fitgirl-repacks.site/dynasty-warriors-origins/","DYNASTY WARRIORS: ORIGINS – Digital Deluxe Edition, v1.0.0.9 + 9 DLCs + Controller/DLSS Fix","2026-01-23T01:00:49.000Z","Action","Slasher","Third-person","3D"
"6436","https://fitgirl-repacks.site/loot-and-ledger/","Loot & Ledger","2026-01-22T22:19:37.000Z","Simulation","Management","3D","First-person"
"1386","https://fitgirl-repacks.site/one-piece-pirate-warriors-4/","One Piece: Pirate Warriors 4 – Legendary Edition – v1.0.8.6 + 18 DLCs","2026-01-22T21:01:13.000Z","Action","Beat 'em up (Brawler)","Third-person","3D"
"5221","https://fitgirl-repacks.site/foundation/","Foundation: Supporter Edition – v1.11.0.11 + 2 DLCs/Bonuses","2026-01-22T02:00:01.000Z","Management","Strategy","3D"
"6435","https://fitgirl-repacks.site/solargene/","Solargene – v1.0.43","2026-01-21T21:38:11.000Z","Management","Strategy","3D"
"6434","https://fitgirl-repacks.site/gah/","Gah! – v1.0.1","2026-01-21T20:25:53.000Z","RPG","Action RPG","3D","Isometric","Dungeon crawl"
"6433","https://fitgirl-repacks.site/mio-memories-in-orbit/","MIO: Memories in Orbit","2026-01-20T23:49:41.000Z","Arcade","Jump and run","Side","3D"
"1291","https://fitgirl-repacks.site/halo-the-master-chief-collection/","Halo: The Master Chief Collection – Complete Edition (All 6 games) – v1.3528.0.0/Build 19905945","2026-01-20T21:01:52.000Z","Action","Shooter","First-person","3D"
"6432","https://fitgirl-repacks.site/super-chipflake-u-quest-for-the-uncooked-schnitzel/","Super Chipflake Ü: Quest for the Uncooked Schnitzel","2026-01-20T14:48:45.000Z","Arcade","Jump and run","Third-person","3D"
"1708","https://fitgirl-repacks.site/anno-1800/","Anno 1800: Definitive Annoversary Edition, v18.4.1412158 + All DLCs/Bonuses","2026-01-19T23:38:29.000Z","Managerial","Strategy","Isometric","3D","Real-time"
"6431","https://fitgirl-repacks.site/brokenlore-unfollow/","BrokenLore: UNFOLLOW + Deluxe Pack DLC*","2026-01-18T18:45:37.000Z","Adventure","First-person","3D","Horror"
"6430","https://fitgirl-repacks.site/craftlings/","Craftlings – v1.0.2 + Bonus OST","2026-01-18T17:16:52.000Z","Logic","Puzzle","Side","2D"
"6429","https://fitgirl-repacks.site/super-woden-rally-edge/","Super Woden: Rally Edge","2026-01-18T15:49:11.000Z","Driving","Racing","Third-person","Top","3D"
"6428","https://fitgirl-repacks.site/the-legend-of-heroes-trails-beyond-the-horizon/","The Legend of Heroes: Trails beyond the Horizon – Complete Edition, v1.0.6 r21 + 19 DLCs/Bonuses","2026-01-17T22:49:41.000Z","RPG","Third-person","3D","Japanese","Turn-based"
"6427","https://fitgirl-repacks.site/kejora/","Kejora","2026-01-17T21:47:27.000Z","Adventure","Side","2D"
"5796","https://fitgirl-repacks.site/lens-island/","Len’s Island: Deluxe Edition, v1.1.43 + 3 DLCs/Bonuses","2026-01-17T20:00:20.000Z","Action","Item crafting","Open world","Survival","3D"
"6426","https://fitgirl-repacks.site/tiny-robots-portal-escape/","Tiny Robots: Portal Escape","2026-01-17T18:30:14.000Z","Logic","Puzzle","3D"
"6425","https://fitgirl-repacks.site/journey-through-the-undead/","Journey Through the Undead","2026-01-16T23:53:15.000Z","Action","First-person","3D","Zombies"
"6424","https://fitgirl-repacks.site/oh-demon-fix-my-tv/","OH DEMON! Fix my TV","2026-01-16T22:42:48.000Z","Logic","Puzzle","First-person","3D"
"6423","https://fitgirl-repacks.site/kotama-and-academy-citadel/","Kotama and Academy Citadel – v1.00.01.00","2026-01-16T19:25:56.000Z","Arcade","Jump and run","Side","3D"
"5556","https://fitgirl-repacks.site/farm-manager-world/","Farm Manager World – v1.1.20260115.534 + Africa DLC","2026-01-16T18:00:44.000Z","Management","Strategy","Top","3D"
"6422","https://fitgirl-repacks.site/deadcore-redux/","DeadCore Redux","2026-01-16T16:19:26.000Z","Arcade","Platform adventure","Puzzle solving","First-person","3D"
"6421","https://fitgirl-repacks.site/meal-mystery-escape-room/","Meal: Mystery Escape Room","2026-01-16T00:24:28.000Z","Logic","Puzzle","First-person","3D","Horror"
"6329","https://fitgirl-repacks.site/bloodface/","Bloodface – v1.0.2 + 3 DLCs","2026-01-15T21:01:53.000Z","RPG","Action RPG","Top","3D"
"6420","https://fitgirl-repacks.site/streetdog-bmx/","Streetdog BMX – v1.0.31","2026-01-15T19:27:46.000Z","Arcade","Sports","Extreme sports","Physics-based","Third-person","3D","Bicycles"
"5691","https://fitgirl-repacks.site/jdm-japanese-drift-master/","JDM: Japanese Drift Master – v1.2.157.1 + 2 DLCs","2026-01-15T02:00:41.000Z","Driving","Racing","First-person","Third-person","3D"
"6419","https://fitgirl-repacks.site/big-hops/","Big Hops – v21207","2026-01-14T23:49:36.000Z","Arcade","Jump and run","Third-person","3D"
"5509","https://fitgirl-repacks.site/forever-skies/","Forever Skies: Deluxe Edition – v1.2.0 #43440 + 8 DLCs/Bonuses","2026-01-14T22:00:27.000Z","Action","Shooter","Survival","First-person","3D","Post-apocalypse"
"6418","https://fitgirl-repacks.site/log-in/","Log.in","2026-01-14T00:48:17.000Z","Adventure","First-person","2D","3D","Detective","Horror"
"5936","https://fitgirl-repacks.site/animal-shelter-2/","Animal Shelter 2 – v1.1.0 + Little Friends DLC","2026-01-13T22:00:19.000Z","Lifestyle","Management","First-person","3D"
"6417","https://fitgirl-repacks.site/ailia/","AiliA – v1.0.7 + Bonus OST","2026-01-13T20:17:10.000Z","Logic","Puzzle","3D"
"6416","https://fitgirl-repacks.site/quarantine-zone-the-last-check/","Quarantine Zone: The Last Check – v1.0.1176 + 5 DLCs","2026-01-13T04:09:05.000Z","Lifestyle","Management","Item crafting","First-person","3D","Post-apocalypse","Zombies"
"6415","https://fitgirl-repacks.site/snow-ash/","Snow Ash","2026-01-12T23:50:59.000Z","Management","Strategy","Deck-building","Survival","2D","Post-apocalypse","Steampunk"
"3184","https://fitgirl-repacks.site/ww2-rebuilder/","WW2 Rebuilder – v1.5 + Remagen Map DLC + Windows 7 Fix","2026-01-12T16:00:51.000Z","Lifestyle","World War II","First-person","3D"
"6414","https://fitgirl-repacks.site/dead-space-2023/","Dead Space (2023): Digital Deluxe Edition – Build 10602756 + DLC","2026-01-12T00:03:15.000Z","Action","Shooter","Survival","Third-person","3D","Horror"
"4369","https://fitgirl-repacks.site/front-mission-2-remake/","FRONT MISSION 2: Remake – v1.1.0","2026-01-11T17:00:25.000Z","RPG","Strategy","Tactics","Isometric","3D","Turn-based","Mecha"
"6413","https://fitgirl-repacks.site/rising-front/","Rising Front – v1.0 (Release)","2026-01-11T16:01:51.000Z","Action","Shooter","Physics-based","World War I","First-person","3D"
"6412","https://fitgirl-repacks.site/monster-prom-4-monster-con/","Monster Prom 4: Monster Con – “All Access” Bundle, v1.55 + 5 DLCs/Bonuses","2026-01-11T00:42:17.000Z","Adventure","2D"
"6087","https://fitgirl-repacks.site/jotunnslayer-hordes-of-hel/","Jotunnslayer: Hordes of Hel – Collector’s Edition, v1.1.2.91003 + 6 DLCs/Bonuses","2026-01-10T20:00:37.000Z","Action","Top","3D"
"6411","https://fitgirl-repacks.site/cozy-caravan/","Cozy Caravan – v1.0.0 (Release)","2026-01-10T19:32:50.000Z","Lifestyle","Item crafting","Open world","3D"
"6410","https://fitgirl-repacks.site/pathologic-3/","Pathologic 3 – v60905 + Supporter Pack DLC","2026-01-10T02:46:51.000Z","Adventure","Open world","Survival","First-person","3D"
"2986","https://fitgirl-repacks.site/northgard/","Northgard: Definitive Edition – v4.0.11.43178 + 17 DLCs/Bonuses","2026-01-09T21:11:30.000Z","Strategy","Fantasy","Real-time","Isometric","3D"
"6409","https://fitgirl-repacks.site/ancient-farm/","Ancient Farm – v1.0.8","2026-01-09T18:35:19.000Z","Lifestyle","Management","First-person","3D"
"4766","https://fitgirl-repacks.site/warhammer-40000-space-marine-2/","Warhammer 40,000: Space Marine 2: 1-Year Anniversary Edition, v11.2.0.1 + 19 DLCs/Bonuses","2026-01-09T14:00:48.000Z","Action","Shooter","Third-person","3D"
"4085","https://fitgirl-repacks.site/house-builder/","House Builder: Pack and Punch Bundle, Build 07-01-2026 + 9 DLCs","2026-01-08T23:00:12.000Z","Lifestyle","First-person","3D"
"3079","https://fitgirl-repacks.site/gotham-knights/","Gotham Knights: Deluxe Edition – v6.0.21.0 + 11 DLCs + Bonus Soundtrack","2026-01-08T00:00:55.000Z","Action","Driving","Open world","Beat 'em up (Brawler)","Third-person","3D"
"6076","https://fitgirl-repacks.site/chip-n-clawz-vs-the-brainioids/","Chip ‘n Clawz vs. The Brainioids – v1.0.24500","2026-01-07T14:00:00.000Z","Action","Strategy","RTS","Third-person","3D","Real-time"
"4955","https://fitgirl-repacks.site/movies-tycoon/","Movies Tycoon: Ultimate Edition, v2.3.1 + 2 DLCs","2026-01-06T22:56:02.000Z","Management","Strategy","3D","Isometric"
"6408","https://fitgirl-repacks.site/terra-invicta/","Terra Invicta – v1.0.25","2026-01-06T20:49:15.000Z","Strategy","Grand Strategy","3D","Pausable real-time"
"2657","https://fitgirl-repacks.site/dirt-5/","DIRT 5: Year One Edition – v1.2770.47.0 (Windows Store UWP Build) + All DLCs + Multiplayer","2026-01-06T13:00:50.000Z","Arcade","Racing","First-person","Third-person","3D"
"6280","https://fitgirl-repacks.site/dark-moon-build/","Dark Moon – v1.02","2026-01-05T23:00:56.000Z","Management","Survival","3D"
"6407","https://fitgirl-repacks.site/tomba-special-edition/","Tomba! Special Edition – Build 19099803","2026-01-05T19:53:05.000Z","Arcade","Jump and run","Isometric","Side","2D"
"2","https://fitgirl-repacks.site/prison-simulator/","Prison Simulator – v1.4.3.29 + 4 DLCs/Bonuses","2026-01-05T17:00:14.000Z","Lifestyle","First-person","3D"
"5988","https://fitgirl-repacks.site/the-house-of-the-dead-2-remake/","THE HOUSE OF THE DEAD 2: Remake – v20251217 GOG","2026-01-04T21:20:11.000Z","Arcade","Gun game","First-person","3D","Zombie"
"6406","https://fitgirl-repacks.site/perpetuo/","Perpetuo – v2.0e","2026-01-04T20:51:53.000Z","Exploration","First-person","3D","Horror"
"4201","https://fitgirl-repacks.site/spiritfall/","Spiritfall – v1.6.28 + Bonus Soundtrack","2026-01-04T12:00:10.000Z","Arcade","Jump and run","Side","2D"
"5784","https://fitgirl-repacks.site/scum-complete-bundle/","SCUM: Complete Bundle – v1.2.0.1.103760 + 14 DLCs/Bonuses","2026-01-03T19:00:50.000Z","Action","Open world","Survival","Third-person","3D","Zombie","Mecha"
"6405","https://fitgirl-repacks.site/call-of-duty-black-ops-cold-war/","Call of Duty: Black Ops – Cold War, v1.34.1.15931218 + All DLCs and Modes + Bonus OST + HD Textures Pack","2026-01-03T14:34:18.000Z","Action","Shooter","First-person","3D"
"6404","https://fitgirl-repacks.site/leaf-blower-co/","Leaf Blower Co. – v2025_NL_Dec_17","2026-01-03T11:51:10.000Z","Simulation","3D","First-person","Third-person","Physics-based"
"6403","https://fitgirl-repacks.site/death-on-holly-ridge/","Death On Holly Ridge","2026-01-02T12:24:13.000Z","Exploration","First-person","3D","Horror"
"4662","https://fitgirl-repacks.site/ogu-and-the-secret-forest/","Ogu and the Secret Forest: Deluxe Edition – v1.3a + 2 DLCs/Bonuses","2026-01-01T14:00:12.000Z","Adventure","Top-down","2D"
"V3V3","https://fitgirl-repacks.site/gta-5-enhanced/","Grand Theft Auto V Enhanced – Build 1013.20/Online 1.72","2025-12-31T19:50:29.000Z","Action","Shooter","Driving","Open world","First-person","Third-person","3D"
"151","https://fitgirl-repacks.site/grand-theft-auto-v/","Grand Theft Auto V / GTA 5 (Legacy) – v1.0.3725.0/1.72 + Bonus Content","2025-12-31T19:15:44.000Z","Action","Shooter","Driving","Open world","First-person","Third-person","3D"
"6402","https://fitgirl-repacks.site/fifa-22/","FIFA 22 – v1.0.77.45722 [Monkey Repack]","2025-12-31T16:10:07.000Z","Sports","Soccer","Third-person","3D"
"6401","https://fitgirl-repacks.site/heads-adventures-chibichibi/","Head’s Adventures: chibichibi","2025-12-31T15:35:12.000Z","Arcade","Jump and run","Physics-based","Side","3D"
"6137","https://fitgirl-repacks.site/serviceit-you-can-do-it/","ServiceIT: You can do IT – v1.1.1 + DLC","2025-12-31T11:00:39.000Z","Lifestyle","First-person","3D"
"6400","https://fitgirl-repacks.site/aaero2/","Aaero2: Black Razor Edition – v1.52 + 3 DLCs/Bonuses","2025-12-31T00:27:39.000Z","Arcade","Gun game","Rhythm","3D"
"6125","https://fitgirl-repacks.site/formula-legends/","Formula Legends – Build 21082031 + 5 DLCs","2025-12-30T15:00:01.000Z","Action","Racing","Top","3D","Cars"
"6399","https://fitgirl-repacks.site/i-sell-lemonade/","I Sell Lemonade – v1.05","2025-12-30T00:27:35.000Z","Lifestyle","First-person","3D"
"1289","https://fitgirl-repacks.site/phoenix-point/","Phoenix Point: Complete Edition – v1.30 + 6 DLCs + Bonus Content","2025-12-29T23:00:17.000Z","Strategy","Tactics","First-person","Third-person","3D","Pausable real-time","Turn-based"
"6398","https://fitgirl-repacks.site/coastal-kitchen-simulator/","Coastal Kitchen Simulator","2025-12-29T22:21:24.000Z","Lifestyle","First-person","3D"
"5754","https://fitgirl-repacks.site/mini-cozy-room-lo-fi/","Mini Cozy Room: Lo-Fi – All in One Bundle, v1.04.05 + 6 DLCs","2025-12-29T18:00:32.000Z","Incremental game","Isometric","3D","Retro look"
"6397","https://fitgirl-repacks.site/burkina-faso-radical-insurgency/","Burkina Faso: Radical Insurgency","2025-12-29T17:57:51.000Z","Action","Shooter","First-person","3D"
"3842","https://fitgirl-repacks.site/farmers-life/","Farmer’s Life: Ultimate Bundle, v1.0.39 + 4 DLCs/Bonuses","2025-12-28T23:00:29.000Z","Lifestyle","Open world","First-person","3D"
"6396","https://fitgirl-repacks.site/tomba-2-the-evil-swine-return-special-edition/","Tomba! 2: The Evil Swine Return Special Edition","2025-12-28T21:37:36.000Z","Arcade","Jump and run","3D"
"6273","https://fitgirl-repacks.site/wreckreation/","Wreckreation – v1.2.0.147169","2025-12-28T13:00:31.000Z","Arcade","Racing","Open world","Third-person","3D","Cars"
"2113","https://fitgirl-repacks.site/sonic-colors-ultimate-pc/","Sonic Colors: Ultimate – Digital Deluxe Edition + 6 DLCs","2025-12-28T12:12:13.000Z","Arcade","Third-person","3D"
"4498","https://fitgirl-repacks.site/thriving-city-song/","Thriving City: Song – Deluxe Edition, v1.8.1R (200) + Bonus Soundtrack","2025-12-28T10:00:35.000Z","Managerial","Strategy","Middle Ages","Isometric","2D"
"6307","https://fitgirl-repacks.site/biped-2/","Biped 2 – v1.9.0 + Online Co-op","2025-12-28T01:00:15.000Z","Arcade","Logic","Puzzle","Physics-based","3D"
"6395","https://fitgirl-repacks.site/pba-pro-bowling-2026/","PBA Pro Bowling 2026","2025-12-28T00:17:36.000Z","Sports","Bowling","3D"
"5745","https://fitgirl-repacks.site/wrap-house-simulator/","Wrap House Simulator – v1.10","2025-12-27T22:00:39.000Z","Lifestyle","First-person","3D"
"6394","https://fitgirl-repacks.site/taxi-chaos-2/","Taxi Chaos 2","2025-12-27T20:56:31.000Z","Arcade","Driving","Third-person","3D","Cars"
"832","https://fitgirl-repacks.site/dungeon-defenders/","Dungeon Defenders: Ultimate Collection – v10.5.0 + 42 DLCs","2025-12-27T20:00:41.000Z","Action","Shooter","Tower defense","First-person","Third-person","3D"
"6393","https://fitgirl-repacks.site/kamikaze-strike-fpv-drone/","Kamikaze Strike: FPV Drone","2025-12-27T19:32:50.000Z","Action","First-person","3D"
"5664","https://fitgirl-repacks.site/cubic-odyssey/","Cubic Odyssey: Complete Edition – v1.2.0.1 + 6 DLCs","2025-12-27T02:00:33.000Z","Action","Item crafting","Open world","First-person","Third-person","3D"
"6392","https://fitgirl-repacks.site/swordhaven-iron-conspiracy/","Swordhaven: Iron Conspiracy – v1.0.0 + 4 DLCs/Bonuses","2025-12-27T00:37:15.000Z","RPG","3D","Party-based","Turn-based"
"5424","https://fitgirl-repacks.site/urban-jungle/","Urban Jungle: Complete Bundle, v1.0.70.2 + 2 DLCs/Bonuses","2025-12-26T22:00:08.000Z","Management","3D","Isometric"
"6258","https://fitgirl-repacks.site/onirism/","Onirism – Build 21264271","2025-12-26T17:30:35.000Z","Action","Adventure","Shooter","Third-person","Platform adventure"
"6391","https://fitgirl-repacks.site/electronic-market-simulator/","Electronic Market Simulator","2025-12-26T14:16:39.000Z","Lifestyle","First-person","3D"
"3815","https://fitgirl-repacks.site/lords-of-the-fallen-2023/","Lords of the Fallen (2023): Deluxe Edition – v2.5.220 + 6 DLCs/Bonuses + Multiplayer","2025-12-26T10:00:17.000Z","Action","RPG","Open world","Third-person","3D"
"5714","https://fitgirl-repacks.site/oddsparks-an-automation-adventure/","Oddsparks: An Automation Adventure – Ultimate Edition, v1.0.S31386 + 6 DLCs","2025-12-25T22:00:18.000Z","Management","Strategy","Content randomization","Item crafting","Open world","3D","Real-time"
"6390","https://fitgirl-repacks.site/vampiress-eternal-duet/","Vampiress: Eternal Duet","2025-12-24T22:22:02.000Z","Arcade","Jump and run","Beat 'em up (Brawler)","Side","3D"
"3698","https://fitgirl-repacks.site/barotrauma/","Barotrauma: Supporter Bundle – v1.11.4.1 + 2 DLCs/Bonuses","2025-12-24T18:00:03.000Z","Managerial","Survival","2D"
"6389","https://fitgirl-repacks.site/pure-badminton/","Pure Badminton","2025-12-24T15:35:44.000Z","Sports","3D","Badminton"
"5945","https://fitgirl-repacks.site/hot-rod-mayhem/","Hot Rod Mayhem – v1.3.16","2025-12-24T10:55:17.000Z","Arcade","Racing","Third-person","3D"
"6388","https://fitgirl-repacks.site/the-temple-of-elemental-evil/","The Temple of Elemental Evil – (Re-release)","2025-12-24T10:25:33.000Z","Adventure","RPG","Turn-based","Isometric"
"5055","https://fitgirl-repacks.site/lorns-lure/","Lorn’s Lure, Build 21185492 + 2 DLCs/Bonuses","2025-12-23T21:10:12.000Z","Arcade","Jump and run","First person view","3D"
"6387","https://fitgirl-repacks.site/utawarerumono-zan/","Utawarerumono: ZAN – Complete Bundle + 17 DLCs","2025-12-23T10:02:28.000Z","Action","Third-person","3D","Japanese"
"4293","https://fitgirl-repacks.site/project-hunt/","Project Hunt: Hunter’s Collection – Build 21226542 + 3 DLCs","2025-12-22T04:45:53.000Z","Sports","Hunting","First-person","3D"
"6386","https://fitgirl-repacks.site/ranch-farm-and-store-simulator/","Ranch Farm and Store Simulator – v1.0.0 (Release)","2025-12-22T03:44:05.000Z","Lifestyle","First-person","3D"
"3514","https://fitgirl-repacks.site/tunguska-the-visitation/","Tunguska: The Visitation – Final Cut, v1.95-1 + 7 DLCs","2025-12-21T20:00:48.000Z","RPG","Action RPG","Isometric","3D"
"6385","https://fitgirl-repacks.site/halls-of-torment/","Halls of Torment: Tormented Supporter Bundle – v2025-12-04 + 3 DLCs/Bonuses","2025-12-21T02:28:14.000Z","Arcade","Shoot 'em up","Isometric","2D"
"937","https://fitgirl-repacks.site/warhammer-40000-gladius-relics-of-war/","Warhammer 40,000: Gladius – Complete Edition – v1.17.0 + 20 DLCs/Bonuses","2025-12-20T23:20:07.000Z","Strategy","4X","Isometric","3D","Turn-based"
"6384","https://fitgirl-repacks.site/bottle-can-float/","Bottle Can Float + Paper Boat DLC","2025-12-20T22:32:01.000Z","Incremental game","Top","3D"
"5009","https://fitgirl-repacks.site/songs-of-silence/","Songs of Silence: Complete Edition, v1.6.0-d.9224 + 10 DLCs/Bonuses","2025-12-20T19:00:52.000Z","Strategy","3D","Turn-based"
"6383","https://fitgirl-repacks.site/light-up-the-town/","Light Up The Town – v1.0.2","2025-12-20T17:16:43.000Z","Arcade","Third-person","3D"
"5737","https://fitgirl-repacks.site/contractville/","ContractVille – v1.7 + 3 DLCs","2025-12-20T16:00:08.000Z","Lifestyle","Open world","First-person","3D"
"6382","https://fitgirl-repacks.site/city-transport-simulator/","City Transport Simulator: Bus + Tram Special Bundle, v1.4.0 + 13 DLCs","2025-12-20T15:40:55.000Z","Driving","Management","First-person","3D","Buses"
"4774","https://fitgirl-repacks.site/star-trucker/","Star Trucker: Deluxe Bundle – v1.0.72.2 + 5 DLCs/Bonuses","2025-12-20T13:30:22.000Z","Driving","Future","First-person","3D"
"3067","https://fitgirl-repacks.site/persona-5-royal-pc/","Persona 5 Royal – v1.3B + Bonus OST","2025-12-19T22:37:09.000Z","RPG","Third-person","3D","Japanese"
"1149","https://fitgirl-repacks.site/total-war-three-kingdoms/","Total War: Three Kingdoms – Collection, v1.7.8 Build 187 GOG + 10 DLCs","2025-12-19T21:10:14.000Z","Strategy","Grand strategy","Isometric","3D","Real-time","Turn-based"
"6381","https://fitgirl-repacks.site/afl-23/","AFL 23 – v1.0.6618","2025-12-19T19:02:24.000Z","Sports","Australian Rules Football","3D"
"5077","https://fitgirl-repacks.site/the-spirit-of-the-samurai/","The Spirit of the Samurai: Deluxe Edition – v1.0.15 + Bonus OST","2025-12-19T01:20:52.000Z","Action","Side","3D"
"6380","https://fitgirl-repacks.site/mutant-football-league-2/","Mutant Football League 2","2025-12-19T01:13:12.000Z","Arcade","Sports","American Football","3D"
"309","https://fitgirl-repacks.site/just-cause-3-xl-edition-v1-05-dlcs/","Just Cause 3: XXL Edition – v1.05 Denuvoless + All DLCs","2025-12-18T23:00:41.000Z","Action","Shooter","Open world","Third-person","3D"
"6379","https://fitgirl-repacks.site/zombie-diner-simulator/","Zombie Diner Simulator – v0.65","2025-12-18T22:44:23.000Z","Action","Shooter","First-person","3D","Zombies"
"6378","https://fitgirl-repacks.site/death-howl/","Death Howl: Deluxe Edition – v1.0.0.1 + 2 Bonus DLCs","2025-12-18T02:30:37.000Z","Strategy","Tactics","Deck-building","Isometric","2D","Turn-based"
"5786","https://fitgirl-repacks.site/snow-plowing-simulator/","Snow Plowing Simulator: Ski Resort Edition – v2511261103 + DLC","2025-12-17T22:00:38.000Z","Lifestyle","First-person","3D"
"6377","https://fitgirl-repacks.site/unbeatable/","UNBEATABLE: Breakout Edition – v1.5.5 + DLC","2025-12-17T20:59:51.000Z","Adventure","Arcade","Rhythm","Side","2D"
"3949","https://fitgirl-repacks.site/sanabi/","SANABI – v1.3.51 + A Haunted Day DLC + Bonus OST","2025-12-17T19:00:31.000Z","Arcade","Jump and run","Side","2D"
"6376","https://fitgirl-repacks.site/pawn-planet/","Pawn Planet – v1.0","2025-12-17T17:31:46.000Z","Lifestyle","Management","First-person","3D"
"4481","https://fitgirl-repacks.site/isles-of-sea-and-sky/","Isles of Sea and Sky: Game and Soundtrack Bundle – v2.5d + Bonus OST","2025-12-17T15:00:10.000Z","Logic","Puzzle","Side","Top-down","2D"
"5962","https://fitgirl-repacks.site/ninja-gaiden-ragebound/","NINJA GAIDEN: Ragebound – Soundtrack Edition, vCS37895 + Bonus OST","2025-12-17T02:00:37.000Z","Arcade","Jump and run","Side","2D"
"6375","https://fitgirl-repacks.site/storm-lancers/","Storm Lancers – v1.1.0.16","2025-12-17T01:30:59.000Z","Arcade","Jump and run","Content randomization","Side","3D"
"5618","https://fitgirl-repacks.site/deck-of-haunts/","Deck of Haunts – v1.21","2025-12-17T00:00:21.000Z","Management","Deck-building","3D"
"936","https://fitgirl-repacks.site/dragon-ball-fighterz/","Dragon Ball FighterZ: Legendary Edition, v1.42 (MS Store) + 10 DLCs","2025-12-16T22:00:52.000Z","Arcade","Fighting","Side","3D"
"6374","https://fitgirl-repacks.site/f1-2021/","F1 2021 – v1.18.874931","2025-12-16T21:36:24.000Z","Racing","Simulation","First-person","Third-person","3D","Formula cars"
"5699","https://fitgirl-repacks.site/tainted-grail-the-fall-of-avalon/","Tainted Grail: The Fall of Avalon – Excalibur Edition, v1.15b + 4 DLCs/Bonuses","2025-12-16T17:00:43.000Z","RPG","Action RPG","First-person","Third-person","3D"
"3922","https://fitgirl-repacks.site/dungeons-4/","Dungeons 4: Deluxe Edition – v1.10.0 + 6 DLCs/Bonuses + Windows 7 Fix","2025-12-16T01:30:05.000Z","Managerial","Strategy","Isometric","3D","Real-time"
"6373","https://fitgirl-repacks.site/crosak/","CROSAK – v1.04","2025-12-16T00:23:14.000Z","Arcade","Jump and run","Third-person","3D"
"1274","https://fitgirl-repacks.site/unity-of-command-2/","Unity of Command II, Build 21099579 + 12 DLCs/Bonuses + Windows 7 Fix","2025-12-15T21:30:47.000Z","Strategy","Wargame","Isometric","3D","Turn-based"
"6339","https://fitgirl-repacks.site/nascar-25/","NASCAR 25: Gold Edition – vDec.11.2025 + 3 DLCs","2025-12-15T19:30:10.000Z","Racing","Sports","First-person","Third-person","3D","Cars"
"6372","https://fitgirl-repacks.site/clothing-store-simulator/","Clothing Store Simulator – v1.0.0","2025-12-15T17:31:35.000Z","Management","3D","First-person"
"4564","https://fitgirl-repacks.site/panicore/","PANICORE: Supporter Pack, v1.3 + Bonus Soundtrack","2025-12-15T16:00:55.000Z","Action","First-person","3D","Horror"
"6371","https://fitgirl-repacks.site/shes-leaving/","She’s Leaving","2025-12-15T02:23:16.000Z","Action","Adventure","Survival","First-person","3D","Horror"
"6201","https://fitgirl-repacks.site/yooka-replaylee/","Yooka-Replaylee – v1.02","2025-12-14T23:00:55.000Z","Arcade","Jump and run","Puzzle solving","Third-person","3D"
"4538","https://fitgirl-repacks.site/crime-boss-rockay-city/","Crime Boss: Rockay City – The Complete Collection, v1.19 + 11 DLCs","2025-12-14T20:20:05.000Z","Action","Shooter","First-person","3D"
"6370","https://fitgirl-repacks.site/netherworld-covenant/","Netherworld Covenant – v1.0.0 (911)","2025-12-14T17:37:50.000Z","Action","Isometric","3D"
"3799","https://fitgirl-repacks.site/cricket-24/","Cricket 24 – v0.2.5521","2025-12-14T15:30:04.000Z","Sports","Cricket","3D"
"3366","https://fitgirl-repacks.site/wartales/","Wartales: The Mercenaries Edition – v1.0.45105 + 8 DLCs/Bonuses","2025-12-14T04:00:01.000Z","RPG","Open world","Isometric","3D","Real-time","Turn-based"
"6369","https://fitgirl-repacks.site/pioneers-of-pagonia/","Pioneers of Pagonia: Builder’s Edition – v1.0.0-10461 + 3 DLCs/Bonuses","2025-12-14T03:39:36.000Z","Management","Strategy","Content randomization","Top","3D"
"5554","https://fitgirl-repacks.site/clair-obscur-expedition-33/","Clair Obscur: Expedition 33 – Deluxe Edition, v61339 (v1.5.0) + DLC + 9 Bonus Soundtracks","2025-12-14T01:30:09.000Z","RPG","Third-person","3D","Turn-based"
"6368","https://fitgirl-repacks.site/storage-hunter-simulator/","Storage Hunter Simulator – v17755","2025-12-14T00:48:21.000Z","Lifestyle","Third-person","3D"
"1105","https://fitgirl-repacks.site/yakuza-kiwami-2/","Yakuza Kiwami 2 – v2.11","2025-12-13T22:00:32.000Z","Action","Adventure","Arcade","Third-person","3D","Japanese"
"6367","https://fitgirl-repacks.site/minecraft-bedrock-edition/","Minecraft: Bedrock Edition – v1.21.130","2025-12-13T20:35:34.000Z","Virtual world","Item crafting","Open world","Sandbox","First-person","3D"
"6366","https://fitgirl-repacks.site/runequest-warlords/","RuneQuest: Warlords – v1.0.0","2025-12-13T03:23:43.000Z","Strategy","3D","Turn-based"
"1067","https://fitgirl-repacks.site/yakuza-kiwami/","Yakuza Kiwami – v2.11","2025-12-13T00:30:56.000Z","Action","Adventure","Arcade","Third-person","3D","Japanese"
"4018","https://fitgirl-repacks.site/ready-or-not/","Ready or Not: LSPD Bundle – v97150 + v66884 + 5 DLCs/Bonuses","2025-12-12T22:20:13.000Z","Action","Tactical shooter","First-person","3D"
"6365","https://fitgirl-repacks.site/terminator-2d-no-fate/","Terminator 2D: NO FATE","2025-12-12T20:38:33.000Z","Arcade","Run and gun","Beat 'em up (Brawler)","Side","2D"
"3073","https://fitgirl-repacks.site/victoria-3/","Victoria 3: Ultimate Bundle, v1.12.0 + 16 DLCs/Bonuses + Windows 7 Fix","2025-12-12T18:30:07.000Z","Strategy","Grand strategy","Pausable real-time","Isometric","Top-down","3D"
"6364","https://fitgirl-repacks.site/the-cold-white/","The Cold White – v0.0.11","2025-12-12T03:53:06.000Z","Action","Item crafting","Open world","Survival","First-person","3D"
"2691","https://fitgirl-repacks.site/galactic-civilizations-4/","Galactic Civilizations IV: Supernova Edition – v3.10 + 7 DLCs/Bonuses","2025-12-12T01:00:26.000Z","Strategy","4X","Turn-based","Top-down","3D"
"6363","https://fitgirl-repacks.site/titans-of-the-past/","Titans of the Past","2025-12-11T22:57:47.000Z","RPG","Tactics","Dungeon crawl","3D","First-person"
"3106","https://fitgirl-repacks.site/atari-50-the-anniversary-celebration/","Atari 50: The Anniversary Celebration – Digital Expanded Edition, Build 20374702 + 3 DLCs","2025-12-11T18:20:38.000Z","Action","Adventure","Arcade","RPG","2D","3D"
"6362","https://fitgirl-repacks.site/night-swarm/","Night Swarm – v1.0.1","2025-12-11T17:16:46.000Z","Arcade","Shoot 'em up","Bullet hell","Top","3D"
"2412","https://fitgirl-repacks.site/icarus/","ICARUS: Complete the Set Bundle, v2.3.20.145714 + 18 DLCs","2025-12-11T02:00:43.000Z","Action","Driving","Survival","First-person","Third-person","3D"
"6361","https://fitgirl-repacks.site/flotsam/","Flotsam – v1.0.0/v1.0.0f5","2025-12-11T01:05:49.000Z","Management","Content randomization","Survival","Top","3D","Post-apocalypse"
"6360","https://fitgirl-repacks.site/business-heroes-street-grub/","Business Heroes: Street Grub – v1.0.0 (Release)","2025-12-10T23:26:52.000Z","Management","Isometric","2D"
"6359","https://fitgirl-repacks.site/rugby-25/","Rugby 25 – v1.0.4016","2025-12-10T21:21:12.000Z","Sports","Rugby","3D"
"5613","https://fitgirl-repacks.site/the-monster-breeder/","The Monster Breeder – v1.07","2025-12-10T20:00:03.000Z","Strategy","Management","RPG","Item crafting","Turn-based","3D"
"6358","https://fitgirl-repacks.site/tiny-bunny/","Tiny Bunny + Bonus OST","2025-12-10T17:55:06.000Z","Interactive fiction","Visual novel","2D","Horror"
"4796","https://fitgirl-repacks.site/frostpunk-2/","Frostpunk 2 – v1.5.0-573303 + 5 DLCs/Bonuses","2025-12-10T03:20:17.000Z","Managerial","Strategy","Isometric","3D","Post-apocalypse","Pausable real-time"
"6357","https://fitgirl-repacks.site/skate-story/","Skate Story","2025-12-10T01:35:05.000Z","Arcade","Sports","Extreme sports","Third-person","3D"
"6356","https://fitgirl-repacks.site/the-art-of-reflection/","The Art of Reflection + Bonus OST","2025-12-09T21:24:23.000Z","Logic","Puzzle","First-person","3D"
"6355","https://fitgirl-repacks.site/yakuza-0-directors-cut/","Yakuza 0 Director’s Cut – v1.11","2025-12-09T18:21:03.000Z","Action","Adventure","Arcade","Open world","QTE","Beat 'em up (Brawler)","Third-person","3D"
"3970","https://fitgirl-repacks.site/astral-ascent/","Astral Ascent – v2.4.0 (1181) + 5 DLCs/Bonuses","2025-12-09T17:00:55.000Z","Arcade","Jump and run","Side","2D","Retro look"
"6354","https://fitgirl-repacks.site/metroid-prime-4-beyond/","Metroid Prime 4: Beyond – v1.1.0 + Citron Switch Emulator","2025-12-09T02:38:25.000Z","Action","Shooter","First-person","3D"
"5606","https://fitgirl-repacks.site/stickman-strikes-conquer-fantasy-world/","Stickman Strikes: Conquer Fantasy World – v0.2.07","2025-12-09T02:05:06.000Z","RPG","Action RPG","3D","Management"
"6353","https://fitgirl-repacks.site/frostbound/","FrostBound","2025-12-09T01:17:10.000Z","Card game","3D","Steampunk","Turn-based"
"6352","https://fitgirl-repacks.site/star-ores-inc/","Star Ores Inc.: Book Bundle – v1.0.23 + DLC","2025-12-08T21:52:17.000Z","Lifestyle","Management","Item crafting","First-person","3D"
"5609","https://fitgirl-repacks.site/drop-duchy/","Drop Duchy: Complete Edition – v1.2.12 + 3 DLCs/Bonuses","2025-12-08T15:00:08.000Z","Logic","Puzzle","Top","2D"
"6351","https://fitgirl-repacks.site/the-last-case-of-john-morley/","The Last Case of John Morley","2025-12-08T12:00:45.000Z","Adventure","First-person","3D","Detective"
"5563","https://fitgirl-repacks.site/yao-guai-hunter/","Yao-Guai Hunter – v1.2.5 + 2 DLCs/Bonuses","2025-12-07T22:30:54.000Z","RPG","Deck-building","Side","2D","Turn-based"
"6350","https://fitgirl-repacks.site/transience/","Transience – v1.0.5.1+20251204","2025-12-07T22:05:18.000Z","Action","Shooter","First-person","3D"
"6349","https://fitgirl-repacks.site/strategic-command-american-civil-war/","Strategic Command: American Civil War – Complete Bundle, v1.12.0 + 2 DLCs","2025-12-07T19:33:25.000Z","Strategy","Wargame","Top","2D","Turn-based"
"4934","https://fitgirl-repacks.site/mechwarrior-5-clans/","MechWarrior 5: Clans – Digital Collectors Edition, v1.0.132 + 5 DLCs","2025-12-07T17:00:01.000Z","Action","Shooter","Pirate/Privateer","First person view","Third person view","3D"
"1753","https://fitgirl-repacks.site/scott-pilgrim-vs-the-world-the-game-complete-edition-pc/","Scott Pilgrim vs. The World: The Game – Complete Edition","2025-12-07T03:23:01.000Z","Arcade","Beat 'em up (Brawler)","Side","2D","Retro look"
"6348","https://fitgirl-repacks.site/octopath-traveler-0-switch/","OCTOPATH TRAVELER 0 – v1.0.2 + 3 Switch Emulators","2025-12-07T02:41:04.000Z","RPG","Side","3D","Party-based","Japanese","Retro look","Turn-based"
"6347","https://fitgirl-repacks.site/poly-bridge-3/","Poly Bridge 3: Deluxe Edition – v1.5.10 + Bonus OST","2025-12-07T00:38:02.000Z","Logic","Puzzle","Physics-based","Side","2D","3D"
"6346","https://fitgirl-repacks.site/blood-refreshed-supply/","Blood: Refreshed Supply","2025-12-06T23:16:14.000Z","Action","Shooter","First-person","3D","Horror"
"GTX4060","https://fitgirl-repacks.site/across-the-obelisk/","Across The Obelisk: Complete Bundle – v1.7.0 + 13 DLCs","2025-12-06T21:10:41.000Z","Strategy","Deck-building","Side","2D","Turn-based"
"6345","https://fitgirl-repacks.site/wretch-divine-ascent/","Wretch: Divine Ascent – Challenger Collector’s Edition, v1.0.1 + 2 DLCs/Bonuses","2025-12-06T20:31:44.000Z","Arcade","Fighting","Side","3D"
"6344","https://fitgirl-repacks.site/ferocious/","FEROCIOUS","2025-12-06T02:13:49.000Z","Action","Shooter","Open world","Survival","First-person","3D"
"6343","https://fitgirl-repacks.site/void-marauders/","Void Marauders","2025-12-06T01:17:41.000Z","Strategy","Tactics","Third-person","Top","3D","Turn-based"
"1926","https://fitgirl-repacks.site/call-to-arms-gates-of-hell-ostfront/","Call to Arms: Gates of Hell – Ostfront: Ultimate Edition, v1.057.0 + 7 DLCs","2025-12-06T00:00:50.000Z","Strategy","Tactics","Isometric","World War II","Third-person","Real-time","3D"
"6342","https://fitgirl-repacks.site/routine/","ROUTINE – v1.7.0.0","2025-12-05T23:51:13.000Z","Adventure","First-person","3D","Horror"
"335","https://fitgirl-repacks.site/american-truck-simulator/","American Truck Simulator – v1.57.2.0s + 60 DLCs","2025-12-05T22:00:33.000Z","Driving","First-person","Third-person","3D"
"6341","https://fitgirl-repacks.site/constance/","Constance – v1.0.1.40150 + Bonus OST","2025-12-05T20:16:44.000Z","Arcade","Jump and run","Side","2D"
"6340","https://fitgirl-repacks.site/morphos/","Morphos","2025-12-05T16:40:42.000Z","Adventure","First-person","3D","Horror"
"4989","https://fitgirl-repacks.site/mirthwood/","Mirthwood – v1.1.1p1","2025-12-05T13:30:48.000Z","RPG","Top view","3D","Real-time"
"6339","https://fitgirl-repacks.site/hi-fi-rush/","Hi-Fi RUSH: Deluxe Edition – Update 10 (Denuvoless) + All DLCs/Bonuses","2025-12-05T13:06:22.000Z","Action","Arcade","Rhythm game","Beat 'em up (Brawler)","Third-person","3D"
"3192","https://fitgirl-repacks.site/rain-world/","Rain World: Deluxe Edition, v1.11.4 + 2 DLCs + 3 Bonus OSTs","2025-12-05T02:00:23.000Z","Arcade","Platform adventure","Stealth","Survival","Retro","Side","2D"
"6338","https://fitgirl-repacks.site/sleep-awake/","SLEEP AWAKE – v1.0-43669","2025-12-05T01:26:25.000Z","Adventure","First-person","3D","Horror","Post-apocalypse"
"5716","https://fitgirl-repacks.site/elden-ring-nightreign/","ELDEN RING NIGHTREIGN: Deluxe Edition, v1.03/v1.03.1 + 5 DLCs/Bonuses","2025-12-04T23:00:28.000Z","Action","Survival","Third-person","3D"
"6337","https://fitgirl-repacks.site/a-pizza-delivery/","A Pizza Delivery – v1.2.4 + Bonus OST","2025-12-04T22:22:13.000Z","Exploration","Third-person","3D"
"6336","https://fitgirl-repacks.site/ayasa-shadows-of-silence/","Ayasa: Shadows of Silence – v1.0","2025-12-04T02:05:31.000Z","Arcade","Platform adventure","Side","3D","Horror"
"5638","https://fitgirl-repacks.site/yes-your-grace-2-snowfall/","Yes, Your Grace 2: Snowfall – v1.1.1","2025-12-03T22:30:32.000Z","Strategy","Adventure","Point and click","Management","Isometric","2D","Retro look","Real-time"
"6335","https://fitgirl-repacks.site/abra-cooking-dabra/","Abra-Cooking-Dabra – v1.0.13r1","2025-12-03T21:48:36.000Z","Card game","Logic","Puzzle","Top","3D"
"6334","https://fitgirl-repacks.site/lost-ember-rekindled-edition/","LOST EMBER: Rekindled Edition – Build 20965378 + Legendary Souls DLC","2025-12-03T01:29:20.000Z","Adventure","Exploration","Third-person","3D"
"1382","https://fitgirl-repacks.site/panzer-corps-2/","Panzer Corps 2: Complete Edition – v1.17.1 + 17 DLCs + Bonus Content","2025-12-02T23:30:47.000Z","Strategy","Wargame","Top-down","3D","Turn-based"
"6333","https://fitgirl-repacks.site/vaudeville/","Vaudeville – v1.1.3","2025-12-02T22:59:31.000Z","Adventure","Simulation","Detective"
"6155","https://fitgirl-repacks.site/slime-rancher-2/","Slime Rancher 2: Game & Soundtrack, v1.0.3 + Bonus OST (2 volumes)","2025-12-02T20:30:00.000Z","Action","Exploration","Management","Open world","First-person","3D"
"6332","https://fitgirl-repacks.site/princess-of-the-water-lilies/","Princess of the Water Lilies – v1.0.0(14)","2025-12-02T19:16:10.000Z","Arcade","Jump and run","Side","2D"
"6331","https://fitgirl-repacks.site/afl-26/","AFL 26 – v1.0.1672","2025-12-02T17:15:58.000Z","Sports","Australian Rules Football","3D"
"6330","https://fitgirl-repacks.site/slyders/","Slyders – v1.0.12","2025-12-02T01:31:50.000Z","Action","Shooter","First-person","3D"
"796","https://fitgirl-repacks.site/gold-rush-the-game/","Gold Mining Simulator: Ultimate Gold Edition, v1.10.0.12 + 5 DLCs","2025-12-01T23:00:41.000Z","Simulation","First-person","Third-person","3D"
"1215","https://fitgirl-repacks.site/trailmakers/","Trailmakers: Ultimate Edition, v221.504.926.0 + 16 DLCs","2025-12-01T19:00:07.000Z","Racing","Open world","Physics-based","Sandbox","3D"
"6328","https://fitgirl-repacks.site/demeo-x-dungeons-dragons-battlemarked/","Demeo x Dungeons & Dragons: Battlemarked – v1.4.26558/v1.6.26714","2025-12-01T17:47:15.000Z","RPG","Strategy","Tactics","3D","Turn-based"
"4026","https://fitgirl-repacks.site/company-of-heroes-3/","Company of Heroes 3: Ultimate Bundle, v2.2.0.40455 + 6 DLCs","2025-11-30T23:30:35.000Z","Strategy","RTS","Isometric","3D","Pausable real-time","Real-time"
"6327","https://fitgirl-repacks.site/a-i-l-a/","A.I.L.A – v1.0.0.6001","2025-11-30T22:58:40.000Z","Action","Survival","First-person","3D","Horror"
"6326","https://fitgirl-repacks.site/mara/","Mara","2025-11-30T20:39:56.000Z","Exploration","First-person","3D","Horror"
"4879","https://fitgirl-repacks.site/diplomacy-is-not-an-option/","Diplomacy is Not an Option – v1.0.99 + Bonus Content","2025-11-30T18:30:38.000Z","Managerial","Strategy","Tower defense","Isometric","3D","Real-time"